{"cameraMode":{"drawMode":0,"name":"Shaded","section":"Shading Mode"},"sceneLighting":false,"audioPlay":false,"sceneViewState":{"showFog":true,"showMaterialUpdate":true,"showSkybox":true,"showFlares":true,"showImageEffects":true,"showParticleSystems":true},"in2DMode":false,"pivot":{"x":8.417013168334961,"y":6.984113693237305,"z":33.73748779296875},"rotation":{"x":-0.190499410033226,"y":-0.3116456866264343,"z":0.0636403039097786,"w":-0.928798258304596},"size":70.22571563720703,"orthographic":false}