{"cameraMode":{"drawMode":0,"name":"Shaded","section":"Shading Mode"},"sceneLighting":true,"audioPlay":false,"sceneViewState":{"showFog":true,"showMaterialUpdate":true,"showSkybox":true,"showFlares":true,"showImageEffects":true,"showParticleSystems":true},"in2DMode":false,"pivot":{"x":7.0476226806640629,"y":3.080944061279297,"z":1.8846721649169922},"rotation":{"x":-0.2389909029006958,"y":-0.3386892080307007,"z":0.08939747512340546,"w":-0.9056674838066101},"size":30.776405334472658,"orthographic":false}