{"cameraMode":{"drawMode":0,"name":"Shaded","section":"Shading Mode"},"sceneLighting":true,"audioPlay":false,"sceneViewState":{"showFog":true,"showMaterialUpdate":true,"showSkybox":true,"showFlares":true,"showImageEffects":true,"showParticleSystems":true},"in2DMode":false,"pivot":{"x":17.871618270874025,"y":-17.690174102783204,"z":11.436164855957032},"rotation":{"x":0.020558787509799005,"y":-0.8840769529342651,"z":0.4653383791446686,"w":0.03898056223988533},"size":42.98250198364258,"orthographic":false}