{"cameraMode":{"drawMode":0,"name":"Shaded","section":"Shading Mode"},"sceneLighting":false,"audioPlay":false,"sceneViewState":{"showFog":true,"showMaterialUpdate":true,"showSkybox":false,"showFlares":true,"showImageEffects":true,"showParticleSystems":true},"in2DMode":false,"pivot":{"x":34.6309814453125,"y":10.15285873413086,"z":30.035451889038087},"rotation":{"x":0.05461011081933975,"y":0.5289122462272644,"z":-0.03426072746515274,"w":0.8462850451469421},"size":62.01028060913086,"orthographic":false}