{"cameraMode":{"drawMode":0,"name":"Shaded","section":"Shading Mode"},"sceneLighting":true,"audioPlay":false,"sceneViewState":{"showFog":true,"showMaterialUpdate":true,"showSkybox":true,"showFlares":true,"showImageEffects":true,"showParticleSystems":true},"in2DMode":false,"pivot":{"x":14.547945976257325,"y":1.4783331155776978,"z":10.244715690612793},"rotation":{"x":-0.33920198678970339,"y":-0.6255217790603638,"z":0.3474627733230591,"w":-0.6107329726219177},"size":32.222930908203128,"orthographic":false}