{"cameraMode":{"drawMode":0,"name":"Shaded","section":"Shading Mode"},"sceneLighting":false,"audioPlay":false,"sceneViewState":{"showFog":true,"showMaterialUpdate":true,"showSkybox":true,"showFlares":true,"showImageEffects":true,"showParticleSystems":true},"in2DMode":false,"pivot":{"x":-0.03516495227813721,"y":4.313902378082275,"z":-0.16532492637634278},"rotation":{"x":-0.12303944677114487,"y":-0.8451681137084961,"z":0.22023965418338777,"w":-0.4714047610759735},"size":3.6896860599517824,"orthographic":false}