{"cameraMode":{"drawMode":0,"name":"Shaded","section":"Shading Mode"},"sceneLighting":false,"audioPlay":false,"sceneViewState":{"showFog":true,"showMaterialUpdate":true,"showSkybox":false,"showFlares":true,"showImageEffects":true,"showParticleSystems":true},"in2DMode":false,"pivot":{"x":4.5970635414123539,"y":35.255001068115237,"z":32.048133850097659},"rotation":{"x":0.005015908740460873,"y":0.5221357941627502,"z":0.0027042794972658159,"w":-0.852908194065094},"size":3.6680009365081789,"orthographic":false}