{"cameraMode":{"drawMode":0,"name":"Shaded","section":"Shading Mode"},"sceneLighting":true,"audioPlay":false,"sceneViewState":{"showFog":true,"showMaterialUpdate":true,"showSkybox":true,"showFlares":true,"showImageEffects":true,"showParticleSystems":true},"in2DMode":false,"pivot":{"x":13.905689239501954,"y":11.828189849853516,"z":-16.361427307128908},"rotation":{"x":-0.032100919634103778,"y":-0.700000524520874,"z":0.031529951840639117,"w":-0.7127560377120972},"size":18.237869262695314,"orthographic":false}