{"cameraMode":{"drawMode":0,"name":"Shaded","section":"Shading Mode"},"sceneLighting":true,"audioPlay":false,"sceneViewState":{"showFog":true,"showMaterialUpdate":true,"showSkybox":true,"showFlares":true,"showImageEffects":true,"showParticleSystems":true},"in2DMode":false,"pivot":{"x":9.208417892456055,"y":3.4151415824890138,"z":-18.291685104370118},"rotation":{"x":-0.20660588145256043,"y":-0.20088401436805726,"z":0.04338053613901138,"w":-0.9566051959991455},"size":12.025100708007813,"orthographic":false}